company,director,genre,name
Columbia Pictures Corporation,Rob Reiner,Adventure,Stand by Me
Paramount Pictures,John Hughes,Comedy,Ferris Bueller's Day Off
Paramount Pictures,Tony Scott,Action,Top Gun
Twentieth Century Fox Film Corporation,James Cameron,Action,Aliens
Walt Disney Pictures,Randal Kleiser,Adventure,Flight of the Navigator
Hemdale,Oliver Stone,Drama,Platoon
Henson Associates (HA),Jim Henson,Adventure,Labyrinth
De Laurentiis Entertainment Group (DEG),David Lynch,Drama,Blue Velvet
Paramount Pictures,Howard Deutch,Comedy,Pretty in Pink
SLM Production Group,David Cronenberg,Drama,The Fly
Rimfire Films,Peter Faiman,Adventure,Crocodile Dundee
Thorn EMI Screen Entertainment,Russell Mulcahy,Action,Highlander
Twentieth Century Fox Film Corporation,David Seltzer,Comedy,Lucas
Twentieth Century Fox Film Corporation,John Carpenter,Action,Big Trouble in Little China
De Laurentiis Entertainment Group (DEG),Michael Mann,Crime,Manhunter
Producers Sales Organization (PSO),Adrian Lyne,Drama,9½ Weeks
De Laurentiis Entertainment Group (DEG),Stephen King,Action,Maximum Overdrive
"Geffen Company, The",Frank Oz,Comedy,Little Shop of Horrors
New Century Entertainment Corporation,Mike Marvin,Action,The Wraith
Universal Pictures,Willard Huyck,Action,Howard the Duck
New Line Cinema,Stephen Herek,Action,Critters
Orion Pictures,Alan Metter,Comedy,Back to School
Cannon Films,Tobe Hooper,Comedy,The Texas Chainsaw Massacre 2
Jay Weston Productions,Clint Eastwood,Action,Heartbreak Ridge
Paramount Pictures,Leonard Nimoy,Adventure,Star Trek IV: The Voyage Home
TriStar Pictures,John Badham,Comedy,Short Circuit
Neue Constantin Film,Jean-Jacques Annaud,Crime,The Name of the Rose
TriStar Pictures,Sidney J. Furie,Action,Iron Eagle
Paramount Pictures,Michael Ritchie,Action,The Golden Child
Hemdale,Tim Hunter,Crime,River's Edge
L.A. Films,John Landis,Comedy,¡Three Amigos!
Warner Bros.,George P. Cosmatos,Action,Cobra
Gaumont,Jean-Jacques Beineix,Drama,Betty Blue
Warner Bros.,Roland Joffé,Adventure,The Mission
Touchstone Pictures,Martin Scorsese,Drama,The Color of Money
Columbia Pictures Corporation,John G. Avildsen,Action,The Karate Kid Part II
Lorimar Productions,Nick Castle,Drama,The Boy Who Could Fly
HBO Films,Robert Harmon,Thriller,The Hitcher
Amblin Entertainment,Richard Benjamin,Comedy,The Money Pit
Paramount Pictures,Tom McLoughlin,Horror,Jason Lives: Friday the 13th Part VI
The Saul Zaentz Company,Peter Weir,Adventure,The Mosquito Coast
Universal Pictures,Don Bluth,Animation,An American Tail
Initial Pictures,Alex Cox,Biography,Sid and Nancy
De Laurentiis Entertainment Group (DEG),John Guillermin,Action,King Kong Lives
Empire Pictures,Stuart Gordon,Horror,From Beyond
TriStar Pictures,Francis Ford Coppola,Comedy,Peggy Sue Got Married
Freddie Fields Productions,Brian Gibson,Horror,Poltergeist II: The Other Side
Empire Pictures,John Carl Buechler,Comedy,Troll
Metro-Goldwyn-Mayer (MGM),Peter Hyams,Action,Running Scared
Hawn / Sylbert Movie Company,Michael Ritchie,Comedy,Wildcats
Maljack Productions,John McNaughton,Biography,Henry: Portrait of a Serial Killer
ABC Motion Pictures,Harry Winer,Adventure,SpaceCamp
Orion Pictures,Woody Allen,Comedy,Hannah and Her Sisters
Walt Disney Pictures,Ron Clements,Animation,The Great Mouse Detective
De Laurentiis Entertainment Group (DEG),John Irvin,Action,Raw Deal
Sunbow Productions,Nelson Shin,Animation,The Transformers: The Movie
TaliaFilm II Productions,Hal Needham,Drama,Rad
TriStar Pictures,Fred Dekker,Comedy,Night of the Creeps
Cannon Pictures,Tobe Hooper,Horror,Invaders from Mars
Columbia Pictures Corporation,Walter Hill,Drama,Crossroads
De Haven Productions,David Anspaugh,Drama,Hoosiers
Svenska Filminstitutet (SFI),Andrei Tarkovsky,Drama,Sacrifice
Cinema '85,James Foley,Crime,At Close Range
Blueline Productions,Peter Markle,Drama,Youngblood
Seasonal Film Corporation,Corey Yuen,Action,"No Retreat, No Surrender"
Universal Pictures,Anthony Perkins,Horror,Psicosis III
Paramount Pictures,Mike Nichols,Comedy,Heartburn
Warner Bros.,Michael Chapman,Adventure,The Clan of the Cave Bear
Golan-Globus Productions,Menahem Golan,Action,The Delta Force
Warner Bros.,Wes Craven,Drama,Deadly Friend
TriStar Pictures,Edward Zwick,Comedy,About Last Night...
Balcor Film Investors,Steve Miner,Comedy,Soul Man
A&M; Films,Savage Steve Holland,Comedy,One Crazy Summer
De Laurentiis Entertainment Group (DEG),Charles Martin Smith,Comedy,Trick or Treat
Paramount Pictures,Ron Howard,Comedy,Gung Ho
American Filmworks,Sidney Lumet,Crime,The Morning After
Police Academy Productions,Jerry Paris,Comedy,Police Academy 3: Back in Training
40 Acres & A Mule Filmworks,Spike Lee,Comedy,She's Gotta Have It
Touchstone Pictures,Jim Abrahams,Comedy,Ruthless People
Delphi V Productions,Paul Michael Glaser,Action,Band of the Hand
Cannon Group,John Frankenheimer,Crime,52 Pick-Up
Paramount Pictures,Randa Haines,Drama,Children of a Lesser God
Columbia Pictures Corporation,Mark L. Lester,Action,Armed and Dangerous
Black Snake,Jim Jarmusch,Comedy,Down by Law
Orion Pictures,Robert Mandel,Action,F/X
Fuji Television Network,Masanori Hata,Adventure,The Adventures of Milo and Otis
Religioso Primitiva,Jonathan Demme,Comedy,Something Wild
Gladden Entertainment,Marshall Brickman,Sci-Fi,The Manhattan Project
Paramount Pictures,Fred Walton,Horror,April Fool's Day
Brooksfilms,Alan Johnson,Action,Solarbabies
Kings Road Entertainment,Jim McBride,Comedy,The Big Easy
Lawrence Gordon Productions,Penny Marshall,Comedy,Jumpin' Jack Flash
Carthago Films S.a.r.l.,Roman Polanski,Adventure,Piratas
Meltdown Productions,Jimmy T. Murakami,Animation,When the Wind Blows
Touchstone Pictures,Jeff Kanew,Comedy,Tough Guys
Compañía Iberoamericana de TV,Pedro Almodóvar,Drama,Matador
New World Pictures,Harley Cokeliss,Action,Black Moon Rising
Cinema Group Ventures,Roger Spottiswoode,Comedy,The Best of Times
Paragon Arts International,Kevin Tenney,Horror,Witchboard
Touchstone Pictures,Paul Mazursky,Comedy,Down and Out in Beverly Hills
Capital Equipment Leasing,Trevor Nunn,Biography,Lady Jane
Columbia Pictures Corporation,Thomas Michael Donnelly,Crime,Quicksilver
Sunbow Productions,Mike Joens,Animation,My Little Pony: The Movie
Virgin Vision,Ken Russell,Horror,Gothic
Producers Sales Organization (PSO),Hal Ashby,Action,8 Million Ways to Die
TriStar Pictures,Richard Pearce,Crime,No Mercy
Orion Pictures,Gene Wilder,Comedy,Haunted Honeymoon
Empire Pictures,Ted Nicolaou,Comedy,TerrorVision
Golan-Globus Productions,Gary Nelson,Action,Allan Quatermain and the Lost City of Gold
HandMade Films,Neil Jordan,Crime,Mona Lisa
Delphi Films,Garry Marshall,Comedy,Nothing in Common
Cannon Group,J. Lee Thompson,Action,Firewalker
Cannon Screen Entertainment,Nicolas Roeg,Adventure,Castaway
Amaretto Films,Richard Wenk,Comedy,Vamp
British Film Institute (BFI),Derek Jarman,Biography,Caravaggio
Les Films Plain Chant,Leos Carax,Crime,Mauvais Sang
Paramount Pictures,Duncan Gibbins,Drama,Fire with Fire
Warner Bros.,Harold Ramis,Comedy,Club Paradise
Universal Pictures,Ivan Reitman,Comedy,Legal Eagles
Thorn EMI Screen Entertainment,Christopher Morahan,Comedy,Clockwise
Atlantic Entertainment Group,Robert M. Young,Drama,Extremities
Metro-Goldwyn-Mayer (MGM),Brian De Palma,Comedy,Wise Guys
Atlantic Entertainment Group,Peter Medak,Drama,The Men's Club
DD Productions,Claude Berri,Drama,Jean de Florette
Balcor Film Investors,Tom DeSimone,Drama,Reform School Girls
DD Productions,Claude Berri,Drama,Manon of the Spring
HandMade Films,Jim Goddard,Adventure,Shanghai Surprise
Lorimar Productions,Sidney Lumet,Drama,Power
Not specified,Jerry Kramer,Comedy,Modern Girls
De Laurentiis Entertainment Group (DEG),Bruce Beresford,Comedy,Crimes of the Heart
Cinema VII,John McTiernan,Horror,Nomads
Empire Pictures,Peter Manoogian,Action,Eliminators
TMS Pictures,George Mendeluk,Comedy,Meatballs III: Summer Job
Golan-Globus Productions,J. Lee Thompson,Action,Murphy's Law
Edward R. Pressman Film,David Byrne,Musical,True Stories
Warner Bros.,Prince,Comedy,Under the Cherry Moon
Delphi V Productions,Moshé Mizrahi,Drama,Every Time We Say Goodbye
Goldcrest Films International,Julien Temple,Drama,Absolute Beginners
Little Bear,Bertrand Tavernier,Drama,Round Midnight
"Cannon Group, The",Sam Firstenberg,Action,Avenging Force
Simcom Limited,Paul Lynch,Action,Bullies
Compact Yellowbill,John Hough,Adventure,Biggles: Adventures in Time
Lorimar Productions,Albert Magnoli,Drama,American Anthem
Columbia Pictures Corporation,Richard Tuggle,Action,Out of Bounds
Crown International Pictures,David Beaird,Comedy,My Chauffeur
Rastar Pictures,Gene Saks,Comedy,Brighton Beach Memoirs
Ministère de la Culture et de la Communication,Éric Rohmer,Drama,Summer
Cannon Group,Paul Nicholas,Drama,The Naked Cage
Cannon Screen Entertainment,Richard Franklin,Horror,Link
Edward R. Pressman Film,Bob Swaim,Thriller,Half Moon Street
Aaron Spelling Productions,Tom Moore,Drama,"night, Mother"
Blake Edwards,Blake Edwards,Action,A Fine Mess
Chroma III Productions,Mark Griffiths,Comedy,Hardbodies 2
Fons Rademakers Produktie,Fons Rademakers,Drama,The Assault
Griffon Productions,Paul Schneider,Comedy,Willy/Milly
Heron Communications,Janet Greek,Drama,The Ladies Club
Delphi V Productions,Stuart Rosenberg,Action,Let's Get Harry
De Laurentiis Entertainment Group (DEG),Daryl Duke,Adventure,Tai-Pan
Scary Stuff,Jeffrey Delman,Comedy,Deadtime Stories
Escalante Productions,Dick Richards,Action,Heat
Kings Road Entertainment,Robert Mandel,Comedy,Touch and Go
Canadian Broadcasting Corporation (CBC),Charles Jarrott,Biography,The Boy in Blue
Universal Pictures,Alan Alda,Comedy,Sweet Liberty
Marquis,William Fruet,Comedy,Killer Party
Rondo Productions,Bill Sherwood,Drama,Parting Glances
Nelvana,Dale Schott,Animation,Care Bears Movie II: A New Generation
Columbia Pictures Corporation,Richard Pryor,Biography,"Jo Jo Dancer, Your Life Is Calling"
Balcor Film Investors,Andrew Lane,Action,Jake Speed
Cinema Group Ventures,Renny Harlin,Action,Born American
Paramount Pictures,Michelle Manning,Action,Blue City
Cascade Films,Nadia Tass,Comedy,Malcolm
Miramax,Bob Weinstein,Comedy,Playing for Keeps
Golan-Globus Productions,Andrey Konchalovskiy,Drama,Duet for One
Island Pictures,Evelyn Purcell,Comedy,Nobody's Fool
Paramount Pictures,John Byrum,Comedy,The Whoopee Boys
Blake Edwards,Blake Edwards,Comedy,That's Life!
Hemdale,Hal Needham,Comedy,Body Slam
"Rank Organisation, The",David Drury,Thriller,Defense of the Realm
Cinequanon,Eliseo Subiela,Drama,Man Facing Southeast
Corporation Image M & M,Denys Arcand,Comedy,The Decline of the American Empire
Rastar Films,Jack Fisk,Drama,Violets Are Blue...
Portreeve,Simon Langton,Thriller,The Whistle Blower
American Playhouse,Jerrold Freedman,Drama,Native Son
Carson Productions,Eugene Corr,Drama,Desert Bloom
Alternate Current,Lizzie Borden,Drama,Working Girls
Ciné Valse,Bertrand Blier,Comedy,Ménage
Caméras Continentales,Henning Carlsen,Biography,Oviri
Film Corporation of Kenya,Raju Patel,Action,In the Shadow of Kilimanjaro
Cineplex-Odeon Films,Tim Burstall,Drama,Kangaroo
Cannon Group,Albert Pyun,Action,Dangerously Close
Hyperion Pictures,Carroll Ballard,Family,Nutcracker
Produzioni Europee Associate (PEA),Federico Fellini,Comedy,Ginger and Fred
Metro-Goldwyn-Mayer (MGM),Alan J. Pakula,Crime,Dream Lover
MTM Enterprises,Allan Burns,Drama,Just Between Friends
Lynn-Davis Productions,Gary Hudson,Action,Thunder Run
Longshot,Paul Bartel,Comedy,The Longshot
Silver Screen Partners II,Michael Dinner,Comedy,Off Beat
Roundhouse,Joe Roth,Drama,Streets of Gold
Convy-Fimberg Productions,Bert Convy,Action,Weekend Warriors
J&M; Entertainment,Zoran Perisic,Action,Sky Bandits
Cinetel Films,Fred Olen Ray,Action,Armed Response
Cannon City Produktie Maatschappij B.V.,Franco Zeffirelli,Drama,Otello
Alliance Communications Corporation,Rob Nilsson,Drama,On the Edge
Action Communications,Frank Harris,Action,Low Blow
Cote Blanche Productions,Glen Pitre,Drama,Belizaire the Cajun
Les Films 13,Claude Lelouch,Drama,A Man and a Woman: 20 Years Later
New Line Cinema,Clay Borris,Action,Quiet Cool
Not specified,Gideon Amir,Action,Behind Enemy Lines
Not specified,Francis Schaeffer,Action,Wired to Kill
Fringe Dwellers Productions,Bruce Beresford,Drama,The Fringe Dwellers
T. Films,André Téchiné,Crime,Scene of the Crime
Hanna-Barbera Productions,Don Lusk,Animation,GoBots: Battle of the Rock Lords
Channel Four Films,Charles Gormley,Comedy,The Gospel According to Vic
Grace,Dominic Orlando,Action,Knights of the City
Embassy Pictures,Robert M. Young,Comedy,Saving Grace
Hunter/MFG Production,Gary Grillo,Action,Jackals
Cannon Films,Filippo Ottoni,Comedy,Detective School Dropouts
CBS Entertainment Production,Christopher Cain,Adventure,Where the River Runs Black
DIC Entertainment,Bruno Bianchi,Family,Heathcliff: The Movie
AAR Films,Dennis Klein,Comedy,One More Saturday Night
Act III Communications,Rob Reiner,Adventure,The Princess Bride
Cinemarque Entertainment BV,Clive Barker,Horror,Hellraiser
Natant,Stanley Kubrick,Drama,Full Metal Jacket
Great American Films Limited Partnership,Emile Ardolino,Drama,Dirty Dancing
Warner Bros.,Joel Schumacher,Comedy,The Lost Boys
Amercent Films,John McTiernan,Action,Predator
Braveworld Productions,Paul Michael Glaser,Action,The Running Man
Brooksfilms,Mel Brooks,Adventure,Spaceballs
Orion Pictures,Paul Verhoeven,Action,RoboCop
Warner Bros.,Richard Donner,Action,Lethal Weapon
Paramount Pictures,Brian De Palma,Crime,The Untouchables
De Laurentiis Entertainment Group (DEG),Sam Raimi,Comedy,Evil Dead II
Golan-Globus Productions,Gary Goddard,Action,Masters of the Universe
Home Box Office (HBO),Fred Dekker,Action,The Monster Squad
Paramount Pictures,Adrian Lyne,Drama,Fatal Attraction
Eon Productions,John Glen,Action,The Living Daylights
Twentieth Century Fox Film Corporation,Oliver Stone,Crime,Wall Street
Amblin Entertainment,Steven Spielberg,Drama,Empire of the Sun
Apollo Pictures,Steve Rash,Comedy,Can't Buy Me Love
Warner Bros.,George Miller,Comedy,The Witches of Eastwick
Paramount Pictures,Carl Reiner,Comedy,Summer School
New Line Cinema,Chuck Russell,Action,A Nightmare on Elm Street 3: Dream Warriors
Touchstone Pictures,Chris Columbus,Action,Adventures in Babysitting
RKO Pictures,John Irvin,Action,Hamburger Hill
Universal Pictures,Joseph Sargent,Adventure,Jaws: The Revenge
Cannon Group,Menahem Golan,Action,Over the Top
Paramount Pictures,John Hughes,Comedy,"Planes, Trains & Automobiles"
Circle Films,Joel Coen,Comedy,Raising Arizona
Carolco International N.V.,Alan Parker,Horror,Angel Heart
Hughes Entertainment,Howard Deutch,Drama,Some Kind of Wonderful
Gladden Entertainment,Michael Gottlieb,Comedy,Mannequin
Hawn / Sylbert Movie Company,Garry Marshall,Comedy,Overboard
Warner Bros.,Joe Dante,Action,Innerspace
Metro-Goldwyn-Mayer (MGM),Norman Jewison,Comedy,Moonstruck
Paramount Pictures,Tony Scott,Action,Beverly Hills Cop II
Amblin Entertainment,William Dear,Comedy,Harry and the Hendersons
Recorded Picture Company (RPC),Bernardo Bertolucci,Biography,The Last Emperor
Touchstone Pictures,Barry Levinson,Biography,"Good Morning, Vietnam"
Merchant Ivory Productions,James Ivory,Drama,Maurice
Interscope Communications,Leonard Nimoy,Comedy,3 Men and a Baby
Alive Films,John Carpenter,Horror,Prince of Darkness
Columbia Pictures Corporation,Luis Valdez,Biography,La Bamba
F/M,Kathryn Bigelow,Action,Near Dark
Road Movies Filmproduktion,Wim Wenders,Drama,Wings of Desire
Twentieth Century Fox Film Corporation,Marek Kanievska,Crime,Less Than Zero
Orion Pictures,Roger Donaldson,Action,No Way Out
Universal Pictures,Matthew Robbins,Comedy,*batteries not included
United Artists,Charles Shyer,Comedy,Baby Boom
Cineplex-Odeon Films,Bruce Robinson,Comedy,Withnail & I
Fries Entertainment,Jeffrey Bloom,Drama,Flowers in the Attic
Amercent Films,James L. Brooks,Comedy,Broadcast News
New Century Entertainment Corporation,Tibor Takács,Fantasy,Túnel al infierno
Cannon Films,Sidney J. Furie,Action,Superman IV: The Quest for Peace
Laurel Entertainment Inc.,Michael Gornick,Comedy,Creepshow 2
Atlantic Entertainment Group,Christopher Leitch,Comedy,Teen Wolf Too
Columbia Pictures Industries,Fred Schepisi,Comedy,Roxanne
Rastar Pictures,Herbert Ross,Comedy,The Secret of My Succe$s
Applied Action,Tom Mankiewicz,Comedy,Dragnet
British Screen Productions,Alan Clarke,Comedy,"Rita, Sue and Bob Too"
TriStar Pictures,Blake Edwards,Comedy,Blind Date
New World Pictures,Ethan Wiley,Comedy,House II: The Second Story
Warner Bros.,Jim Drake,Comedy,Police Academy 4: Citizens on Patrol
Atlantic Entertainment Group,Rod Amateau,Adventure,The Garbage Pail Kids Movie
Orion Pictures,Danny DeVito,Comedy,Throw Momma from the Train
Incorporated Television Company (ITC),Joseph Ruben,Horror,The Stepfather
Heron Communications,Jack Sholder,Action,The Hidden
Universal Pictures,Joe Dante,Comedy,Amazon Women on the Moon
Golan-Globus Productions,Barbet Schroeder,Comedy,Barfly
Universal Pictures,Phil Joanou,Comedy,Three O'Clock High
Panorama Film A/S,Gabriel Axel,Comedy,Babette's Feast
Orion Pictures,John Schlesinger,Crime,The Believers
Amercent Films,James Toback,Comedy,The Pick-up Artist
Orion Pictures,Woody Allen,Comedy,Radio Days
Lightyear Entertainment,Robert Altman,Comedy,Aria
Emshell Producers,John R. Cherry III,Comedy,Ernest Goes to Camp
Nouvelles Éditions de Films (NEF),Louis Malle,Drama,Au Revoir les Enfants
Columbia Pictures Corporation,Ridley Scott,Crime,Someone to Watch Over Me
"Guber-Peters Company, The",James Foley,Comedy,Who's That Girl
Universal Pictures,Richard Attenborough,Biography,Cry Freedom
Fourth Protocol,John Mackenzie,Thriller,The Fourth Protocol
Home Box Office (HBO),Hector Babenco,Drama,Ironweed
Amercent Films,Bob Rafelson,Crime,Black Widow
Touchstone Pictures,John Badham,Action,Stakeout
Imagine Films Entertainment,Rod Daniel,Comedy,Like Father Like Son
Pelemele Film,Percy Adlon,Comedy,Bagdad Cafe
Cannon Group,Andrey Konchalovskiy,Drama,Shy People
Twentieth Century Fox Film Corporation,Joe Roth,Comedy,Revenge of the Nerds II: Nerds in Paradise
Simcom Limited,Bruce Pittman,Horror,Prom Night II
Cannon Group,J. Lee Thompson,Action,Death Wish 4: The Crackdown
Amercent Films,Jonathan Kaplan,Comedy,Project X
Finnegan/Pinchuk Productions,William Phelps,Action,North Shore
7 Films Cinéma,Élie Chouraqui,Action,Man on Fire
Cannon Films,Ruggero Deodato,Fantasy,The Barbarians
Columbia Pictures Corporation,Elaine May,Action,Ishtar
Conquering Unicorn,Robert Townsend,Comedy,Hollywood Shuffle
Marimark Productions,Lawrence Bassoff,Comedy,Hunk
Filmhaus,David Mamet,Crime,House of Games
Not specified,Peter Werner,Crime,No Man's Land
Trans World Entertainment (TWE),David Keith,Sci-Fi,The Curse
TriStar Pictures,Peter Yates,Crime,Suspect
TriStar Pictures,Christopher Cain,Action,The Principal
Columbia Pictures Corporation,John Boorman,Comedy,Hope and Glory
Touchstone Pictures,Arthur Hiller,Comedy,Outrageous Fortune
Carolco Entertainment,Walter Hill,Action,Extreme Prejudice
Cannon Group,Sam Firstenberg,Action,American Ninja 2: The Confrontation
Cinecom Entertainment Group,John Sayles,Drama,Matewan
Vista Organization,Bill Norton,Drama,Three for the Road
Columbia Pictures,Paul Weiland,Action,Leonard Part 6
Golan-Globus Productions,Jerry Schatzberg,Crime,Street Smart
Zenith Entertainment,Stephen Frears,Biography,Prick Up Your Ears
Gladden Entertainment,Michael Cimino,Action,The Sicilian
Clear Type,Cheech Marin,Comedy,Born in East L.A.
TAFT Entertainment Pictures,Paul Schrader,Drama,Light of Day
Per Holst Filmproduktion,Bille August,Drama,Pelle the Conqueror
Balcor Film Investors,Bill Froehlich,Comedy,Return to Horror High
Paramount Pictures,Lyndall Hobbs,Comedy,Back to the Beach
Vista Organization,Robert Collector,Horror,Nightflyers
Metro-Goldwyn-Mayer (MGM),Tom Holland,Action,Fatal Beauty
Columbia Pictures Corporation,Jeff Bleckner,Adventure,White Water Summer
Nelson Entertainment,Lindsay Anderson,Drama,The Whales of August
De Laurentiis Entertainment Group (DEG),Bob Giraldi,Comedy,Hiding Out
Kings Road Entertainment,Jimmy Huston,Comedy,My Best Friend Is a Vampire
Orion Pictures,Harley Cokeliss,Action,Malone
RKO Pictures,Steven Lisberger,Comedy,Hot Pursuit
United Artists,Dennis Feldman,Action,Real Men
"Samuel Goldwyn Company, The",Mike Hodges,Action,A Prayer for the Dying
ML Delphi Premier Productions,Francis Ford Coppola,Drama,Gardens of Stone
New World Pictures,Gary Sherman,Action,Wanted: Dead or Alive
Bagdasarian Productions,Janice Karman,Animation,The Chipmunk Adventure
Kindred Limited Partnership,Stephen Carpenter,Horror,The Kindred
Lorimar Motion Pictures,Alan Rudolph,Comedy,Made in Heaven
Gladden Entertainment,Emilio Estevez,Crime,Wisdom
Columbia Pictures,Michael Radford,Crime,White Mischief
Rollins-Joffe Productions,Woody Allen,Drama,September
Vestron Pictures,John Huston,Drama,The Dead
Independent Film Centre,Lance Hool,Action,Steel Dawn
Empire Pictures,Renny Harlin,Crime,Prison
Warner Bros.,Martin Ritt,Drama,Nuts
Bandai Films,Barry Levinson,Comedy,Tin Men
Cannon Group,Lionel Chetwynd,Drama,The Hanoi Hilton
De Laurentiis Entertainment Group (DEG),William Friedkin,Drama,Rampage
Albacore Productions Inc.,Ben Bolt,Drama,The Big Town
Channel Four Films,David Leland,Comedy,Wish You Were Here
Aurora Productions LLC,Tamar Simon Hoffs,Comedy,The Allnighter
Callender Company,Peter Greenaway,Drama,The Belly of an Architect
Hemdale,John Flynn,Action,Best Seller
Lorimar Motion Pictures,Mary Lambert,Drama,Siesta
Great American Films Limited Partnership,Michael Hoffman,Drama,Promised Land
De Laurentiis Entertainment Group (DEG),Curtis Hanson,Crime,The Bedroom Window
Excelsior Film-TV,Nikita Mikhalkov,Comedy,Dark Eyes
Vista Organization,Amy Holden Jones,Fantasy,Maid to Order
Island Pictures,Daniel Petrie,Drama,Square Dance
Commies From Mars Corporation,Alex Cox,Action,Straight to Hell
Nelvana,Hugh Wilson,Comedy,Burglar
Kings Road Entertainment,Phil Alden Robinson,Comedy,In the Mood
Brooksfilms,David Hugh Jones,Biography,84 Charing Cross Road
Silent Night Releasing Corporation,Lee Harry,Horror,"Silent Night, Deadly Night 2"
Cineplex-Odeon Films,Tony Bill,Crime,Five Corners
De Laurentiis Entertainment Group (DEG),Tom McLoughlin,Comedy,Date with an Angel
In-Cine Compañía Industrial Cinematográfica,Alex Cox,Biography,Walker
Cinetel Films,Larry Cohen,Adventure,Deadly Illusion
Zenith Entertainment,Wayne Wang,Mystery,Slam Dance
TriStar Pictures,Roger Young,Action,The Squeeze
British Screen Productions,Terry Jones,Comedy,Personal Services
Golan-Globus Productions,Peter R. Hunt,Action,Assassination
Titan Productions,David DeCoteau,Horror,Creepozoids
Great American Films Limited Partnership,Abel Ferrara,Crime,China Girl
TriStar Pictures,Robert Benton,Comedy,Nadine
Metro-Goldwyn-Mayer (MGM),Arthur Penn,Drama,Dead of Winter
Seasonal Film Corporation,Corey Yuen,Adventure,"No Retreat, No Surrender 2"
Cineplex-Odeon Films,Paul Newman,Drama,The Glass Menagerie
Luna Films,Bigas Luna,Horror,Anguish
Channel Four Films,Pat O'Connor,Drama,A Month in the Country
Conquest Productions,Jeff Burr,Action,From a Whisper to a Scream
Touchstone Pictures,Frank Perry,Comedy,Hello Again
Sands,Christine Edzard,Drama,Little Dorrit
Metro-Goldwyn-Mayer (MGM),Melvin Frank,Comedy,Walk Like a Man
Golan-Globus Productions,Norman Mailer,Comedy,Tough Guys Don't Dance
Warner Bros.,Michael Schultz,Comedy,Disorderlies
New World Entertainment Films,Bill Condon,Drama,"Sister, Sister"
Barry & Enright Productions,Susan Seidelman,Comedy,Making Mr. Right
Mrs. White's Productions,Donald Cammell,Horror,White of the Eye
New Century Entertainment Corporation,Rick Rosenthal,Drama,Russkies
Cannon Group,Jerry Belson,Comedy,Surrender
Columbia Pictures Corporation,Bill Forsyth,Comedy,Housekeeping
Kennedy Miller Productions,John Duigan,Drama,The Year My Voice Broke
DGS Productions,Douglas Grossman,Crime,Hell High
Alexandre Films,Diane Kurys,Drama,A Man in Love
De Laurentiis Entertainment Group (DEG),Bob Clark,Comedy,From the Hip
Northern,Armyan Bernstein,Comedy,Cross My Heart
Lorimar Film Entertainment,Robert Mandel,Adventure,Big Shots
Paramount Pictures,Michael Apted,Comedy,Critical Condition
Cinetel Films,Fred Olen Ray,Action,Cyclone
Kings Road Entertainment,Paul Aaron,Comedy,Morgan Stewart's Coming Home
Cinetel Films,Dorothy Ann Puzo,Action,Cold Steel
Cinema Group,Ron Link,Comedy,Zombie High
Aljosha,Federico Fellini,Comedy,Intervista
New Line Cinema,Charlie Loventhal,Comedy,My Demon Lover
"Cannon Group, The",David Irving,Fantasy,Rumpelstiltskin
Apollo Pictures,Lee H. Katzin,Action,World Gone Wild
Millennial,Peter Manoogian,Action,Enemy Territory
RAI Radiotelevisione Italiana,Peter Del Monte,Drama,Julia and Julia
Centre du Cinéma et de l'Audiovisuel de la Fédération Wallonie-Bruxelles,Dominique Deruddere,Drama,Crazy Love
De Laurentiis Entertainment Group (DEG),John D. Hancock,Drama,Weeds
Flach Film,Jean-Loup Hubert,Drama,The Grand Highway
Laughing Kookaburra Productions,Ken Cameron,Drama,Peter Kenna's The Good Wife
Kings Road Entertainment,Jerry London,Action,Rent-a-Cop
Les Films du Losange,Éric Rohmer,Comedy,Boyfriends and Girlfriends
Channel Four Films,Stephen Frears,Comedy,Sammy and Rosie Get Laid
Balcor Film Investors,Terry Leonard,Action,Death Before Dishonor
Tapestry Films,Rick King,Thriller,The Killing Time
Channel Four Films,Peter Richardson,Action,Eat the Rich
Brigade Productions,Burt Kennedy,Action,The Trouble with Spies
Embark Production,Joe Camp,Adventure,Benji the Hunted
First Take,Fred Walton,Crime,The Rosary Murders
The Swimming Company,Jonathan Demme,Comedy,Swimming to Cambodia
Not specified,Jamaa Fanaka,Comedy,Penitentiary III
Atlantic Entertainment Group,Robert Boris,Action,Steele Justice
Compagnie Eric Rohmer (CER),Éric Rohmer,Comedy,Four Adventures of Reinette and Mirabelle
New World Pictures,Robert Altman,Comedy,Beyond Therapy
"Geffen Company, The",Tim Burton,Comedy,Beetlejuice
Eddie Murphy Productions,John Landis,Comedy,Coming to America
United Artists,Tom Holland,Horror,Child's Play
Twentieth Century Fox Film Corporation,John McTiernan,Action,Die Hard
Metro-Goldwyn-Mayer (MGM),Ron Howard,Action,Willow
New World Pictures,Michael Lehmann,Comedy,Heathers
United Artists,Barry Levinson,Drama,Rain Man
Alive Films,John Carpenter,Action,They Live
Touchstone Pictures,Robert Zemeckis,Animation,Who Framed Roger Rabbit
Akira Committee Company Ltd.,Katsuhiro Ôtomo,Animation,Akira
American Entertainment Partners II L.P.,Penny Marshall,Comedy,Big
Touchstone Pictures,Roger Donaldson,Comedy,Cocktail
Cristaldifilm,Giuseppe Tornatore,Drama,Cinema Paradiso
TriStar Pictures,Chuck Russell,Horror,The Blob
De Laurentiis Entertainment Group (DEG),Stan Winston,Fantasy,Pumpkinhead
Metro-Goldwyn-Mayer (MGM),Charles Crichton,Comedy,A Fish Called Wanda
Sarlui / Diamant,Stephen Chiodo,Comedy,Killer Klowns from Outer Space
Universal Pictures,Martin Brest,Action,Midnight Run
Film Futures,Tony Randel,Horror,Hellbound: Hellraiser II
Orion Pictures,Alan Parker,Crime,Mississippi Burning
Paramount Pictures,David Zucker,Comedy,The Naked Gun: From the Files of Police Squad!
Cannon International,Newt Arnold,Action,Bloodsport
Twentieth Century Fox Film Corporation,Mike Nichols,Comedy,Working Girl
Paramount Pictures,John Cornell,Action,Crocodile Dundee II
Universal Pictures,Don Bluth,Animation,The Land Before Time
Universal Pictures,Ivan Reitman,Comedy,Twins
Lorimar Film Entertainment,Stephen Frears,Drama,Dangerous Liaisons
The Saul Zaentz Company,Philip Kaufman,Drama,The Unbearable Lightness of Being
Gaumont,Luc Besson,Adventure,The Big Blue
All Girl Productions,Garry Marshall,Comedy,Beaches
Trancas International Films,Dwight H. Little,Horror,Halloween 4: The Return of Michael Myers
Morgan Creek Productions,Christopher Cain,Action,Young Guns
Carolco Pictures,Walter Hill,Action,Red Heat
Night Life Inc.,Donald Petrie,Comedy,Mystic Pizza
Carolco Pictures,Peter MacDonald,Action,Rambo III
Paramount Pictures,Jonathan Kaplan,Drama,Acusados
Universal Pictures,Martin Scorsese,Drama,The Last Temptation of Christ
New Line Cinema,John Waters,Comedy,Hairspray
Orion Pictures,Frank Oz,Comedy,Dirty Rotten Scoundrels
New Line Cinema,Renny Harlin,Horror,A Nightmare on Elm Street 4: The Dream Master
American Playhouse,Ramón Menéndez,Drama,Stand and Deliver
Hughes Entertainment,Howard Deutch,Comedy,The Great Outdoors
DDM Film Corporation,Zalman King,Drama,Two Moon Junction
The Mount Company,Ron Shelton,Comedy,Bull Durham
Warner Bros.,Andrew Davis,Action,Above the Law
De Laurentiis Entertainment Group (DEG),Julien Temple,Comedy,Earth Girls Are Easy
Walt Disney Feature Animation,George Scribner,Animation,Oliver & Company
Warner Bros.,Buddy Van Horn,Action,The Dead Pool
NBC Productions,James Signorelli,Comedy,Elvira: Mistress of the Dark
Paramount Pictures,Richard Donner,Comedy,Scrooged
Cinema City Films,Robert Towne,Crime,Tequila Sunrise
Warner Bros.,Roman Polanski,Crime,Frantic
Paramount Pictures,John Carl Buechler,Horror,Friday the 13th Part VII: The New Blood
Twentieth Century Fox Film Corporation,Greg Beeman,Comedy,License to Drive
Prominent Features,Terry Gilliam,Adventure,The Adventures of Baron Munchausen
Morgan Creek Productions,David Cronenberg,Drama,Dead Ringers
Metro-Goldwyn-Mayer (MGM),Gary Sherman,Horror,Poltergeist III
Vista Organization,Tommy Lee Wallace,Comedy,Fright Night Part 2
Front Films,Keenen Ivory Wayans,Action,I'm Gonna Git You Sucka
Zacharias-Buhai Productions,Bud S. Smith,Comedy,Johnny Be Good
Shapiro-Glickenhaus Entertainment,William Lustig,Action,Maniac Cop
Orion Pictures,Jonathan Demme,Comedy,Married to the Mob
Orion Pictures,Dennis Hopper,Action,Colors
Vision PDG,Neil Jordan,Comedy,El Hotel de los Fantasmas
Double Play,Sidney Lumet,Crime,Running on Empty
Blue Rider Pictures,Kevin Tenney,Comedy,Night of the Demons
Mac and Me Joint Venture,Stewart Raffill,Adventure,Mac and Me
New Line Cinema,Mick Garris,Comedy,Critters 2
Weintraub Entertainment Group,Richard Benjamin,Comedy,My Stepmother Is an Alien
Lorimar Film Entertainment,Ken Wiederhorn,Comedy,Return of the Living Dead II
TriStar Pictures,Kenneth Johnson,Comedy,Short Circuit 2
Universal Pictures,Michael Apted,Biography,Gorillas in the Mist
Magellan Pictures,Robert Bierman,Comedy,Vampire's Kiss
Island Pictures,William Richert,Comedy,A Night in the Life of Jimmy Reardon
Metro-Goldwyn-Mayer (MGM),Michael Hoffman,Comedy,Some Girls
White Lair,Ken Russell,Comedy,The Lair of the White Worm
Vestron Pictures,Anthony Hickox,Comedy,Waxwork
Universal Pictures,Wes Craven,Fantasy,The Serpent and the Rainbow
Columbia Pictures Corporation,Ken Annakin,Family,Las travesuras de una pelirojja
Orion Pictures,John Sayles,Drama,Eight Men Out
New Sky Communications Inc.,Frank LaLoggia,Fantasy,Lady in White
Laurenfilm,Pedro Almodóvar,Comedy,Women on the Verge of a Nervous Breakdown
Paramount Pictures,John Hughes,Comedy,She's Having a Baby
Spacegate Productions,Don Coscarelli,Action,Phantasm II
United Artists,James Bridges,Drama,Luces de una gran ciudad
Paramount Pictures,Peter Hyams,Action,The Presidio
Touchstone Pictures,Jim Abrahams,Comedy,Big Business
Orion Pictures,George A. Romero,Drama,Monkey Shines
Cornelius Productions,George Roy Hill,Comedy,Funny Farm
Incorporated Television Company (ITC),Thom Eberhardt,Comedy,Without a Clue
American Entertainment Partners II L.P.,Graham Baker,Action,Alien Nation
Atlantic Entertainment Group,Ernest Thompson,Drama,1969
Cinetel Films,Robert Englund,Comedy,976-EVIL
Lorimar Film Entertainment,Craig R. Baxley,Action,Action Jackson
Esparza,Robert Redford,Comedy,The Milagro Beanfield War
Lucasfilm,Francis Ford Coppola,Biography,Tucker: The Man and His Dream
Warner Bros.,Alan Myerson,Comedy,Police Academy 5: Assignment: Miami Beach
Columbia Pictures Corporation,Spike Lee,Comedy,School Daze
Columbia Pictures Corporation,Brian Gilbert,Comedy,Vice Versa
Hemdale,Steve De Jarnatt,Action,Miracle Mile
Forum Sarajevo,Emir Kusturica,Comedy,Time of the Gypsies
Warner Bros.,Lawrence Kasdan,Drama,The Accidental Tourist
Zanuck/Brown Productions,Daniel Petrie,Adventure,Cocoon: The Return
A&M; Films,Kevin Reynolds,War,The Beast of War
Producers Representative Organization,Martin Donovan,Drama,Apartment Zero
TriStar Pictures,Carl Schultz,Drama,The Seventh Sign
Metro-Goldwyn-Mayer (MGM),Bob Swaim,Drama,Masquerade
Jack Rollins & Charles H. Joffe Productions,Woody Allen,Drama,Another Woman
"Malpaso Company, The",Clint Eastwood,Biography,Bird
Film Four International,Peter Greenaway,Comedy,Drowning by Numbers
Cannon Entertainment,Fred Schepisi,Drama,A Cry in the Dark
Rastar Pictures,Mike Nichols,Comedy,Biloxi Blues
Cineplex-Odeon Films,Oliver Stone,Drama,Talk Radio
Price,Jean-Jacques Annaud,Adventure,The Bear
Jascat,Geneviève Robert,Comedy,Casual Sex?
"Guber-Peters Company, The",Allan Arkush,Comedy,Caddyshack II
Imagine Entertainment,Ken Kwapis,Adventure,Vibes
Touchstone Pictures,Roger Spottiswoode,Action,Shoot to Kill
TriStar Pictures,John G. Avildsen,Comedy,For Keeps?
Warner Bros.,Yahoo Serious,Comedy,Young Einstein
Hemdale,Martin Campbell,Crime,Criminal Law
National Broadcasting Company (NBC),Joan Freeman,Comedy,Satisfaction
United Artists,Costa-Gavras,Drama,Betrayed
Imagine Films Entertainment,Glenn Gordon Caron,Drama,Clean and Sober
Concorde Pictures,Jon Hess,Action,Al borde del terror
Abramoff Production,Joseph Zito,Action,Escorpion rojo
Bigelow Productions,Annabel Jankel,Mystery,D.O.A.
Golan-Globus Productions,Michael Winner,Crime,Appointment with Death
Cadrage,Mira Nair,Crime,Salaam Bombay!
TriStar Pictures,Peter Markle,Drama,Bat*21
Burrowes Film Group,Geoff Burrowes,Adventure,Return to Snowy River
Aspen Film Society,Paul Golding,Horror,Pulse
The Mount Company,Steven Kampmann,Drama,Stealing Home
Warner Bros.,Alan Metter,Comedy,Moving
New World Entertainment Films,Paul Flaherty,Comedy,18 Again!
Weintraub Entertainment Group,David Anspaugh,Drama,Fresh Horses
New Line Cinema,Paul Bogart,Comedy,Torch Song Trilogy
Helpern / Meltzer,Mark Goldblatt,Action,Dead Heat
Miracle Pictures,Jim Wynorski,Comedy,Not of This Earth
Columbia Pictures Corporation,Richard Benjamin,Drama,Little Nikita
Columbia Pictures Corporation,David Seltzer,Comedy,Punchline
Silver Screen Partners III,Ferdinand Fairfax,Action,The Rescue
"Cannon Group, The",Aaron Norris,Action,Braddock: Missing in Action III
Carolco Pictures,Sidney J. Furie,Action,Iron Eagle II
Les Films Christian Fechner,Bruno Nuytten,Biography,Camille Claudel
Paramount Pictures,Randal Kleiser,Adventure,Big Top Pee-wee
Atlantic Entertainment Group,Mike Figgis,Crime,Stormy Monday
Management Company Entertainment Group (MCEG),Keith Gordon,Drama,The Chocolate War
In-Gear Film Production,Kar-Wai Wong,Crime,As Tears Go By
Metro-Goldwyn-Mayer (MGM),Janet Greek,Drama,Spellbinder
Hemdale,Harold Becker,Drama,The Boost
Universal Pictures,Paul Mazursky,Comedy,Moon Over Parador
Touchstone Pictures,John R. Cherry III,Comedy,Ernest Saves Christmas
Atlantic Entertainment Group,Chris Menges,Drama,A World Apart
Atlantic Entertainment Group,James B. Harris,Crime,Cop
"Movie Group, The",David Green,Comedy,Buster
Warner Bros.,Joan Micklin Silver,Comedy,Crossing Delancey
Working Title Films,Bernard Rose,Drama,Paperhouse
MTM Enterprises,Robert Mulligan,Drama,Clara's Heart
Shapiro-Glickenhaus Entertainment,James Glickenhaus,Action,Shakedown
Orion Pictures,Michael Ritchie,Comedy,The Couch Trip
Col.Ima.Son,René Laloux,Animation,Gandahar
Paramount Pictures,Marisa Silver,Drama,Permanent Record
TriStar Pictures,Pen Densham,Drama,The Kiss
CB Films,Catherine Breillat,Romance,36 fillette
Golan-Globus Productions,William Tannen,Action,Hero and the Terror
Warner Bros.,Michael Dinner,Comedy,Hot to Trot
New Visions,Taylor Hackford,Drama,Everybody's All-American
Sheen/Greenblatt Productions,Leo Penn,Drama,Judgement in Berlin
Vestron Pictures,Roger Vadim,Comedy,And God Created Woman
British Screen Productions,Mike Leigh,Comedy,High Hopes
Touchstone Pictures,Leonard Nimoy,Drama,The Good Mother
Cecchi Gori Group Tiger Cinematografica,Blake Edwards,Crime,Sunset
Working Title Films,Martin Stellman,Crime,For Queen & Country
Virgin Vision,Matthew Chapman,Drama,Heart of Midnight
Columbia Pictures Corporation,Daniel Petrie,Drama,Rocket Gibraltar
Cinema Group,Rowdy Herrington,Crime,Jack's Back
De Laurentiis Entertainment Group (DEG),Bill Fishman,Comedy,Tapeheads
Compact Yellowbill,Charles Sturridge,Drama,A Handful of Dust
HandMade Films,Nicolas Roeg,Drama,Track 29
Golan-Globus Productions,Boaz Davidson,Romance,Salsa
No Frills Film Production,Andrew Fleming,Horror,Bad Dreams
Columbia Pictures Corporation,Pat O'Connor,Comedy,Stars and Bars
United Artists,David Beaird,Comedy,It Takes Two
Atlantic Entertainment Group,Paul Schrader,Biography,Patty Hearst
Warner Bros.,Bud Yorkin,Comedy,Arthur 2: On the Rocks
Silver Screen Partners III,Chris Columbus,Comedy,Heartbreak Hotel
MK2 Productions,Claude Chabrol,Drama,Story of Women
Force 10 Productions (I),Mark Rosenthal,Comedy,The In Crowd
Metro-Goldwyn-Mayer (MGM),Donald P. Bellisario,Action,Last Rites
"Cannon Group, The",J. Lee Thompson,Action,Messenger of Death
Cannon International,Aaron Norris,War,Platoon Leader
Nelson Entertainment,Alan Rudolph,Comedy,The Moderns
TriStar Pictures,Ted Kotcheff,Comedy,Switching Channels
Caroline Productions,Claire Denis,Drama,Chocolat
Island Pictures,Caleb Deschanel,Drama,Crusoe
British Film Institute (BFI),Terence Davies,Drama,"Distant Voices, Still Lives"
Incorporated Television Company (ITC),Piers Haggard,Drama,A Summer Story
Not specified,Danny Bilson,Comedy,The Wrong Guys
Twentieth Century Fox Film Corporation,Christopher Crowe,Action,Off Limits
Warner Bros.,Daniel Goldberg,Comedy,Feds
Orion Pictures,Peter Yates,Thriller,The House on Carroll Street
United British Artists (UBA),Francis Megahy,Action,Taffin
Orion Pictures,Robert M. Young,Drama,Dominick and Eugene
Jolly Russell Productions,Ken Russell,Biography,Salome's Last Dance
Crescent Moon,Peter Bogdanovich,Comedy,Illegally Yours
Continental Film Group Ltd.,Amin Q. Chaudhri,Drama,Tiger Warsaw
Trans World Entertainment (TWE),David Stevens,Crime,Kansas
Heritage Entertainment Inc.,Danny Huston,Comedy,Mr. North
Vestron Pictures,Camilo Vila,Horror,The Unholy
Braveworld Productions,Gary Sinise,Action,Miles from Home
Columbia Pictures Corporation,David Mamet,Comedy,Things Change
Cinetel Films,Steve Carver,Action,Bulletproof
Metro-Goldwyn-Mayer (MGM),Henry Winkler,Comedy,Memories of Me
Brightstar Films,Robert Greenwald,Comedy,Sweet Hearts Dance
Cinetel Films,Michael Schroeder,Comedy,Out of the Dark
Merchant Ivory Productions,Nicholas Meyer,Adventure,The Deceivers
Smart Egg Pictures,Armand Mastroianni,Horror,Cameron's Closet
Arenafilm,Vincent Ward,Action,The Navigator: A Medieval Odyssey
"Vista Organisation, The",David Beaird,Comedy,Pass the Ammo
Touchstone Pictures,Peter Weir,Comedy,Dead Poets Society
Warner Bros.,Tim Burton,Action,Batman
Paramount Pictures,Mary Lambert,Horror,Pet Sematary
Paramount Pictures,Steven Spielberg,Action,Indiana Jones and the Last Crusade
Walt Disney Pictures,Ron Clements,Animation,The Little Mermaid
Warner Bros.,Andrey Konchalovskiy,Action,Tango & Cash
Silver Pictures,Rowdy Herrington,Action,Road House
Warner Bros.,Jeremiah S. Chechik,Comedy,National Lampoon's Christmas Vacation
De Laurentiis Entertainment Group (DEG),Stephen Herek,Adventure,Bill & Ted's Excellent Adventure
Gordon Company,Phil Alden Robinson,Drama,Field of Dreams
Universal Pictures,Robert Zemeckis,Adventure,Back to the Future Part II
Twentieth Century Fox Film Corporation,James Cameron,Adventure,The Abyss
Universal Pictures,John Hughes,Comedy,Uncle Buck
40 Acres & A Mule Filmworks,Spike Lee,Comedy,Do the Right Thing
Gladden Entertainment,Ted Kotcheff,Adventure,Weekend at Bernie's
TriStar Pictures,Edward Zwick,Biography,Glory
Castle Rock Entertainment,Rob Reiner,Comedy,When Harry Met Sally...
TriStar Pictures,Herbert Ross,Comedy,Steel Magnolias
Columbia Pictures Corporation,Ivan Reitman,Action,Ghostbusters II
Gracie Films,Cameron Crowe,Comedy,Say Anything...
TriStar Pictures,Amy Heckerling,Comedy,Look Who's Talking
Filmauro,George P. Cosmatos,Adventure,Leviathan
Buena Vista Pictures,Joe Johnston,Adventure,"Honey, I Shrunk the Kids"
Mirage Enterprises,David S. Ward,Comedy,Major League
Ixtlan,Oliver Stone,Biography,Born on the Fourth of July
Columbia Pictures Corporation,John G. Avildsen,Action,The Karate Kid Part III
Imagine Entertainment,Joe Dante,Comedy,The 'Burbs
Imagine Entertainment,Ron Howard,Comedy,Parenthood
Warner Bros.,Richard Donner,Action,Lethal Weapon 2
Danjaq,John Glen,Action,Licence to Kill
Vision PDG,Zalman King,Drama,Wild Orchid
Ferndale Films,Jim Sheridan,Biography,My Left Foot
Davis Entertainment,Richard Greenberg,Adventure,Little Monsters
Universal Pictures,Steven Spielberg,Fantasy,Always
Outlaw Productions (I),Steven Soderbergh,Drama,"Sex, Lies, and Videotape"
Norman Twain Productions,John G. Avildsen,Drama,Lean on Me
Allarts,Peter Greenaway,Crime,"The Cook, the Thief, His Wife & Her Lover"
Paramount Pictures,William Shatner,Action,Star Trek V: The Final Frontier
"Zanuck Company, The",Bruce Beresford,Drama,Driving Miss Daisy
David Foster Productions,Graeme Clifford,Action,Gleaming the Cube
Columbia Pictures Corporation,Brian De Palma,Crime,Casualties of War
Trans World Entertainment (TWE),Dorian Walker,Comedy,Teen Witch
TriStar Pictures,Arthur Hiller,Comedy,"See No Evil, Hear No Evil"
Kings Road Entertainment,Mark DiSalle,Action,Kickboxer
New Line Cinema,Stephen Hopkins,Fantasy,A Nightmare on Elm Street 5: The Dream Child
Magnum Pictures Inc.,Dominique Othenin-Girard,Horror,Halloween 5
Touchstone Pictures,Roger Spottiswoode,Comedy,Turner & Hooch
Kennedy Miller Productions,Phillip Noyce,Horror,Terror a bordo
Paramount Pictures,Rob Hedden,Adventure,Friday the 13th Part VIII: Jason Takes Manhattan
Eddie Murphy Productions,Eddie Murphy,Comedy,Harlem Nights
Paramount Pictures,Ridley Scott,Action,Black Rain
Goldcrest Films International,Don Bluth,Animation,All Dogs Go to Heaven
Cannon Entertainment,Albert Pyun,Action,Cyborg
Universal Pictures,Michael Ritchie,Comedy,Fletch Lives
Finnegan/Pinchuk Productions,Todd Holland,Adventure,The Wizard
Twentieth Century Fox Film Corporation,Danny DeVito,Comedy,The War of the Roses
Renaissance Films,Kenneth Branagh,Action,Henry V
Fries Entertainment,Jeff Kanew,Adventure,Troop Beverly Hills
Universal Pictures,Harold Becker,Crime,Sea of Love
"Movie Group, The",Robert Radler,Action,Best of the Best
Brooksfilms,Chris Walas,Horror,The Fly II
Lightning Pictures,Kathryn Bigelow,Action,Blue Steel
Crescent Film Enterprises,Joan Micklin Silver,Comedy,Loverboy
Renn Productions,Milos Forman,Drama,Valmont relaciones peligrosas
Avenue Pictures,Gus Van Sant,Crime,Drugstore Cowboy
"Deseo, El",Pedro Almodóvar,Comedy,Tie Me Up! Tie Me Down!
Lightning Pictures,Marc Rocco,Comedy,Dream a Little Dream
New World Pictures,Steve Miner,Action,Warlock
TMS Entertainment,Masami Hata,Family,Little Nemo: Adventures in Slumberland
Alliance Communications Corporation,Jean-Claude Lord,Drama,Eddie and the Cruisers II: Eddie Lives!
White Eagle,John Flynn,Crime,Lock Up
High Bar Productions,Jim Wheat,Horror,After Midnight
First Millenium Partnership,Michael Anderson,Drama,Millennium
Cinecorp SAC,Jay Levey,Comedy,UHF
Gladden Entertainment,Steve Kloves,Drama,The Fabulous Baker Boys
Palace Pictures,Zelda Barron,Comedy,Shag
Jack Rollins & Charles H. Joffe Productions,Woody Allen,Comedy,Crimes and Misdemeanors
JVC Entertainment Networks,Jim Jarmusch,Comedy,Mystery Train
Orion Pictures,Jim McBride,Biography,Great Balls of Fire!
Carolco Entertainment,Sean S. Cunningham,Action,DeepStar Six
Alive Films,Wes Craven,Comedy,Shocker
Touchstone Pictures,Francis Veber,Action,Three Fugitives
Paramount Pictures,Lewis Gilbert,Comedy,Shirley Valentine
TriStar Pictures,Phillip Noyce,Action,Blind Fury
Lorimar Film Entertainment,John Irvin,Action,Next of Kin
Touchstone Pictures,Woody Allen,Comedy,New York Stories
Empire Pictures,Stuart Gordon,Action,Robot Jox
Universal Pictures,Howard Zieff,Comedy,The Dream Team
Orion Pictures,Susan Seidelman,Comedy,She-Devil
Lightyear Entertainment,Jim Wynorski,Sci-Fi,The Return of Swamp Thing
TriStar Pictures,Sidney Lumet,Crime,Family Business
Paramount Pictures,Neil Jordan,Comedy,We're No Angels
TriStar Pictures,Emile Ardolino,Comedy,Chances Are
Carolco Pictures,Walter Hill,Crime,Johnny Handsome
Gordon Company,Rod Daniel,Action,K-9
British Screen Productions,Michael Caton-Jones,Drama,Scandal
21st Century Film Corporation,Dwight H. Little,Drama,The Phantom of the Opera
Paramount Pictures,Roland Joffé,Biography,Fat Man and Little Boy
Interscope Communications,Peter Yates,Action,An Innocent Man
Malpaso Productions,Buddy Van Horn,Action,Pink Cadillac
Weintraub Entertainment Group,Stan Dragoti,Comedy,She's Out of Control
TriStar Pictures,Paul Flaherty,Comedy,Who's Harry Crumb?
New Line Cinema,Thomas J. Wright,Action,No Holds Barred
Beco Films,Blake Edwards,Comedy,Skin Deep
Sean S. Cunningham Films,James Isaac,Horror,The Horror Show
A&M; Films,Carl Schenkel,Action,The Mighty Quinn
Warner Bros.,Peter Bonerz,Comedy,Police Academy 6: City Under Siege
Amblin Entertainment,Gary David Goldberg,Drama,Dad
Allied Filmmakers,Uli Edel,Drama,Last Exit to Brooklyn
Kings Road Entertainment,David Webb Peoples,Action,The Blood of Heroes
Davros Films,Euzhan Palcy,Drama,A Dry White Season
Paramount Pictures,Joel Schumacher,Comedy,Cousins
Allied Vision,Philippe Mora,Biography,Communion
KB Erik the Viking,Terry Jones,Comedy,Erik the Viking
Great American Films Limited Partnership,Bob Balaban,Comedy,Parents
Aspen Film Society,Christopher Guest,Comedy,The Big Picture
Orion Pictures,Andrew Davis,Action,The Package
Beco Films,Nick Castle,Comedy,Tap
Trans World Entertainment (TWE),Tibor Takács,Fantasy,"I, Madman"
Metro-Goldwyn-Mayer (MGM),Pat O'Connor,Action,The January Man
Touchstone Pictures,Ron Shelton,Biography,Blaze
Paramount Pictures,Joe Pytka,Comedy,Let It Ride
Kings Road Entertainment,David Hugh Jones,Drama,Jacknife
Warner Bros.,Norman Jewison,Drama,In Country
American Playhouse,Norman René,Drama,Longtime Companion
Warner Bros.,Bruce Beresford,Comedy,Her Alibi
Entcorp Communications,Jim Drake,Comedy,Cannonball Fever
Incorporated Television Company (ITC),John Dahl,Action,Kill Me Again
Lorimar Film Entertainment,Michael Herz,Action,The Toxic Avenger Part II
Elrina Investment,Jamie Uys,Comedy,The Gods Must Be Crazy II
Larco Productions,Larry Cohen,Comedy,Wicked Stepmother
Carolco Pictures,Costa-Gavras,Crime,Music Box
Lightyear Entertainment,Joyce Chopra,Comedy,The Lemon Sisters
Cineplex-Odeon Films,John D. Hancock,Drama,Prancer
Paramount Pictures,Dave Thomas,Comedy,The Experts
Gary Sherman Productions,Gary Sherman,Drama,Lisa
Incorporated Television Company (ITC),Jeff Burr,Horror,Stepfather II
Columbia Pictures Corporation,Joseph Ruben,Drama,True Believer
Golan-Globus Productions,J. Lee Thompson,Action,Kinjite: Forbidden Subjects
London Weekend Television (LWT),Mel Smith,Comedy,The Tall Guy
Not specified,Martin Davidson,Drama,Heart of Dixie
Lorimar Film Entertainment,John Frankenheimer,Action,Dead Bang
Arenafilm,Jane Campion,Comedy,Sweetie
Action Features,Hal Hartley,Comedy,The Unbelievable Truth
Hill/Rosenman,Thom Eberhardt,Drama,Gross Anatomy
Breton Film Productions,Cedric Sundstrom,Action,American Ninja 3: Blood Hunt
HandMade Films,Bruce Robinson,Comedy,How to Get Ahead in Advertising
Vestron Pictures,Ken Russell,Action,The Rainbow
Troma Entertainment,Michael Herz,Action,The Toxic Avenger Part III: The Last Temptation of Toxie
Weintraub Entertainment Group,Douglas Day Stewart,Drama,Listen to Me
Castle Rock Entertainment,Ted Kotcheff,Drama,Winter People
Morgan Creek Productions,Paul Mazursky,Comedy,Enemies: A Love Story
Bandai Media Department,Takeshi Kitano,Action,Violent Cop
TriStar Pictures,Richard Baskin,Drama,Sing
Max Films Productions,Denys Arcand,Drama,Jesus of Montreal
Columbia Pictures Corporation,Luis Puenzo,Adventure,Old Gringo
Cine Location Services,John Milius,Action,Farewell to the King
Morgan Creek Productions,Jack Sholder,Action,Renegades
AM/PM Entertainment,Robert Ellis Miller,Adventure,Brenda Starr
A&M; Films,Will Mackenzie,Comedy,Worth Winning
Not specified,Lee Grant,Comedy,Staying Together
Not specified,Hugh Hudson,Drama,Lost Angels
Charlie Mopic,Patrick Sheane Duncan,Drama,84C MoPic
North Street Films,Paul Bartel,Comedy,Scenes from the Class Struggle in Beverly Hills
Concorde Pictures,Thierry Notz,Horror,The Terror Within
Paulist Pictures,John Duigan,Biography,Romero
Cinetel Films,William Lustig,Crime,Relentless
Initial Film and Television,Damian Harris,Drama,The Rachel Papers
Columbia Pictures Corporation,Jonathan Kaplan,Drama,Immediate Family
Budapest Stúdió Vállalat,Ildikó Enyedi,Comedy,My Twentieth Century
Kouf/Bigelow Productions,Jim Kouf,Action,Disorganized Crime
FM Entertainment,Larry Peerce,Biography,Wired
Nova International Films,Robert M. Young,Biography,Triumph of the Spirit
Cinéa,Patrice Leconte,Crime,Monsieur Hire
Aaron Russo Productions,David Greenwalt,Comedy,Rude Awakening
Hemdale,Mick Jackson,Biography,Chattahoochee
Twentieth Century Fox Film Corporation,Savage Steve Holland,Comedy,How I Got Into College
Lorimar Film Entertainment,Joel Zwick,Comedy,Second Sight
Breton Film Productions,Steve Carver,Adventure,River of Death
Corsair Pictures,Thomas Schlamme,Comedy,Miss Firecracker
Lorimar Film Entertainment,Alan J. Pakula,Drama,See You in the Morning
Columbia Pictures Corporation,Michael Crichton,Crime,Physical Evidence
Lorimar Film Entertainment,Susan Seidelman,Comedy,Cookie
American Playhouse Theatrical Films,Howard Brookner,Comedy,Bloodhounds of Broadway
HandMade Films,Jonathan Wacks,Drama,Powwow Highway
United Artists,Nancy Savoca,Comedy,True Love
Silver Screen Partners III,Jeff Blyth,Adventure,Cheetah
Cinéa,Coline Serreau,Comedy,"Mama, There's a Man in Your Bed"
Avenue Pictures,Robert Dornhelm,Comedy,Cold Feet
Allied Vision,Gérard Kikoïne,Horror,Edge of Sanity
Varney Productions,Michael A. Simpson,Comedy,Fast Food
Management Company Entertainment Group (MCEG),Randal Kleiser,Comedy,Getting It Right
Koch Company,Robert Wise,Action,Rooftops
Braunstein and Hamady Productions,Malcolm Mowbray,Comedy,Out Cold
Film Four International,Nick Broomfield,Drama,Dark Obsession
Gibraltar Entertainment,Andrew Lane,Crime,Mortal Passions
TriStar Pictures,James Ivory,Drama,Slaves of New York
Premiere Pictures Corporation,Rupert Hitzig,Horror,Night Visitor
Curzon Films,Michael Winner,Comedy,A Chorus of Disapproval
Cage Productions,Lang Elliott,Action,Cage
New Horizons Picture,Terence H. Winkless,Action,Bloodfist
Epic Productions,Peter Masterson,Thriller,Night Game
"Samuel Goldwyn Company, The",Bill Forsyth,Adventure,Breaking In
Channel Four Films,David Hare,Drama,Strapless
Hachette Première,Bertrand Tavernier,Drama,Life and Nothing But
Ciné Valse,Bertrand Blier,Comedy,Too Beautiful for You
Bayerischer Rundfunk (BR),Percy Adlon,Comedy,Rosalie Goes Shopping
Erre Produzioni,Jerzy Skolimowski,Drama,Torrents of Spring
Stock Films International,Jacques W. Benoit,Comedy,How to Make Love to a Negro Without Getting Tired
Eagle Film,Frank Zuniga,Action,Fist Fighter
Columbia Pictures Corporation,Franklin J. Schaffner,Drama,Welcome Home
Gathsemane 84,Wendell B. Harris Jr.,Comedy,Chameleon Street
Channel Four Films,Jon Amiel,Comedy,Queen of Hearts
American Playhouse,John David Coles,Drama,Signs of Life
Not specified,Michael Fischa,Action,Crack House
Edward R. Pressman Film,David Odell,Comedy,Martians Go Home
Alberta Motion Picture Development Corporation,Anne Wheeler,Drama,Bye Bye Blues
Les Productions Vidéofilms Ltée,Robert Ménard,Comedy,Cruising Bar
Clear Productions,Carl Reiner,Comedy,"Bert Rigby, You're a Fool"
Skouras Pictures,Jim Sotos,Comedy,Beverly Hills Brats
Columbia Pictures Corporation,Joel Schumacher,Drama,Flatliners
Warner Bros.,Martin Scorsese,Crime,Goodfellas
Bioskop Film,Volker Schlöndorff,Drama,The Handmaid's Tale
Castle Rock Entertainment,Rob Reiner,Crime,Misery
Carolco Pictures,Paul Verhoeven,Action,El vengador del futuro
Touchstone Pictures,Garry Marshall,Comedy,Pretty Woman
Hughes Entertainment,Chris Columbus,Comedy,Home Alone
Twentieth Century Fox Film Corporation,Tim Burton,Drama,Edward Scissorhands
Paramount Pictures,Francis Ford Coppola,Crime,The Godfather: Part III
Tig Productions,Kevin Costner,Adventure,Dances with Wolves
Paramount Pictures,John McTiernan,Action,The Hunt for Red October
Universal Pictures,John Lafia,Horror,Child's Play 2
Paramount Pictures,Jerry Zucker,Drama,Ghost
Universal Pictures,Ron Underwood,Comedy,Tremors
Warner Bros.,John Patrick Shanley,Comedy,Joe Versus the Volcano
PolyGram Filmed Entertainment,David Lynch,Comedy,Wild at Heart
Lorimar Film Entertainment,Nicolas Roeg,Adventure,The Witches
Carolco Pictures,Adrian Lyne,Drama,Jacob's Ladder
888 Productions,Steve Barron,Action,Teenage Mutant Ninja Turtles
Hollywood Pictures,Frank Marshall,Comedy,Arachnophobia
Twentieth Century Fox Film Corporation,Renny Harlin,Action,Die Hard 2
Touchstone Pictures,Warren Beatty,Action,Dick Tracy
Columbia Pictures Corporation,Penny Marshall,Biography,Awakenings
Castle Rock Entertainment,Harry Hook,Adventure,Lord of the Flies
Universal Pictures,Dennis Dugan,Comedy,Problem Child
Don Simpson/Jerry Bruckheimer Films,Tony Scott,Action,Days of Thunder
Universal Pictures,John Waters,Comedy,Cry-Baby
Universal Pictures,Robert Zemeckis,Adventure,Back to the Future Part III
United Artists,John G. Avildsen,Drama,Rocky V
Imagine Entertainment,Ivan Reitman,Comedy,Kindergarten Cop
Davis Entertainment,Stephen Hopkins,Action,Predator 2
Warner Bros.,George Miller,Adventure,The NeverEnding Story II: The Next Chapter
Orion Pictures,Irvin Kershner,Action,RoboCop 2
Circle Films,Joel Coen,Crime,Miller's Crossing
Nicolas Entertainment,Jeff Burr,Horror,Leatherface: Texas Chainsaw Massacre III
Twentieth Century Fox Film Corporation,Renny Harlin,Action,The Adventures of Ford Fairlane
Gaumont,Luc Besson,Action,La Femme Nikita
Renaissance Pictures,Sam Raimi,Action,Darkman
Warner Bros.,Alan J. Pakula,Mystery,Presumed Innocent
Warner Bros.,Joe Dante,Comedy,Gremlins 2: The New Batch
Morgan Creek Productions,Clive Barker,Action,Nightbreed
Orion Pictures,Richard Benjamin,Comedy,Mermaids
21st Century Film Corporation,Tom Savini,Horror,Night of the Living Dead
Paramount Pictures,John Harrison,Comedy,Tales from the Darkside: The Movie
Cinehaus,Phil Joanou,Action,State of Grace
Imperial Entertainment Corporation,Sheldon Lettich,Action,Lionheart
New World Pictures,Tony Scott,Action,Revenge
TriStar Pictures,Amy Heckerling,Comedy,Look Who's Talking Too
Warner Bros.,Bruce Malmuth,Action,Hard to Kill
Fugitive TV Productions,Peter Medak,Biography,The Krays
Morgan Creek Productions,William Peter Blatty,Drama,The Exorcist III
Orion Pictures,Dennis Hopper,Crime,The Hot Spot
Universal Pictures,Philip Kaufman,Biography,Henry & June
Paramount Pictures,Ralph S. Singleton,Horror,Graveyard Shift
Reteitalia,Abel Ferrara,Crime,El verdugo de Nueva York
Silver Screen Partners IV,Hendel Butoy,Animation,The Rescuers Down Under
Morgan Creek Productions,Geoff Murphy,Action,Young Guns II
"Hudlin Brothers, The",Reginald Hudlin,Comedy,House Party
Canal+,Franco Zeffirelli,Drama,Hamlet
New Line Cinema,Allan Moyle,Comedy,Pump Up the Volume
Lightning Pictures,Mark L. Lester,Action,Class of 1999
Victor & Grais,Dwight H. Little,Action,Marked for Death
Carolco Pictures,Roger Spottiswoode,Action,Air America
Warner Bros.,Clint Eastwood,Action,The Rookie
Paramount Pictures,Mike Figgis,Crime,Internal Affairs
Brandenberg,Tom Stoppard,Comedy,Rosencrantz & Guildenstern Are Dead
Orion Pictures,Lewis Teague,Action,Navy Seals
Pathé Entertainment,Simon Wincer,Action,Quigley Down Under
Morgan Creek Productions,John Schlesinger,Thriller,Pacific Heights
Warner Bros.,Brian De Palma,Comedy,The Bonfire of the Vanities
Ironbark Films,John Cornell,Comedy,Almost an Angel
Warner Bros.,Akira Kurosawa,Drama,Dreams
Palace Pictures,Richard Stanley,Sci-Fi,Hardware
Disney Television Animation,Bob Hathcock,Animation,DuckTales the Movie: Treasure of the Lost Lamp
Universal Pictures,Luis Mandoki,Drama,White Palace
Enigma Productions,Michael Caton-Jones,Action,Memphis Belle
Vision PDG,Craig R. Baxley,Action,Dark Angel
Tristes Tropiques,George Armitage,Comedy,Miami Blues
Universal Pictures,John Badham,Action,Bird on a Wire
Erre Produzioni,Paul Schrader,Drama,The Comfort of Strangers
Dino De Laurentiis Company,Michael Cimino,Action,Desperate Hours
Paramount Pictures,Walter Hill,Action,Another 48 Hrs.
Epic Productions,Emilio Estevez,Action,Men at Work
Touchstone Pictures,Emile Ardolino,Comedy,3 Men and a Little Lady
Columbia Pictures Corporation,Mike Nichols,Comedy,Postcards from the Edge
Devoted Productions,Howard Franklin,Comedy,Quick Change
Hawn / Sylbert Movie Company,Herbert Ross,Comedy,My Blue Heaven
TriStar Pictures,Andrew Bergman,Comedy,The Freshman
Cineplex-Odeon Films,Stephen Frears,Crime,The Grifters
88 Productions,Jack Nicholson,Crime,The Two Jakes
Cannon Films,Deran Sarafian,Action,Death Warrant
Caméra One,Jean-Paul Rappeneau,Biography,Cyrano de Bergerac
Sovereign Pictures,Barbet Schroeder,Biography,Reversal of Fortune
Chestnut Hill Productions,Lawrence Kasdan,Comedy,I Love You to Death
Levins-Henenlotter,Frank Henenlotter,Comedy,Frankenhooker
Concorde Pictures,Mark Griffiths,Action,A Cry in the Wild
Granada Television,Jim Sheridan,Drama,The Field
Laurence Mark Productions,James Orr,Comedy,Mr. Destiny
Pathé Entertainment,Fred Schepisi,Drama,The Russia House
New Line Cinema,James D. Parriott,Comedy,Heart Condition
Touchstone Pictures,Peter Weir,Comedy,Green Card
Universal Pictures,Spike Lee,Drama,Mo' Better Blues
In-Gear Film,Kar-Wai Wong,Crime,Days of Being Wild
Metro-Goldwyn-Mayer (MGM),Martin Ritt,Drama,Stanley & Iris
Nova International Films,David Green,Action,Fire Birds
Epic Productions,Curtis Hanson,Drama,Bad Influence
Hollywood Pictures,Arthur Hiller,Comedy,Taking Care of Business
British Screen Productions,Mike Leigh,Comedy,Life Is Sweet
British Broadcasting Corporation (BBC),Anthony Minghella,Comedy,Truly Madly Deeply
Recorded Picture Company (RPC),Bernardo Bertolucci,Adventure,The Sheltering Sky
Kanoon,Abbas Kiarostami,Biography,Close-Up
Mirage Enterprises,Sydney Pollack,Drama,Havana
Incorporated Television Company (ITC),Jim Abrahams,Comedy,"Welcome Home, Roxy Carmichael"
Lambart Productions,Patrice Leconte,Comedy,The Hairdresser's Husband
Carolco Pictures,Bob Logan,Comedy,Repossessed
60/80 Productions,Franco Amurri,Action,Flashback
Orion Pictures,Roger Donaldson,Comedy,Cadillac Man
Cannon Group,Cedric Sundstrom,Action,American Ninja 4: The Annihilation
ADC Films,Dario Argento,Horror,Two Evil Eyes
Orion Pictures,Woody Allen,Comedy,Alice